RequestId,CustomerName,Source,Destination,Criteria
1,Taylor Stokes,A318F7,4A265D,Cost
2,Domingo Jast,5410B8,A318F7,Time
3,Salvatore Lindgren,83C0D2,2117B3,Time
4,Maxine Halvorson,5309FB,127B09,Time
5,Toni Bogisich,5410B8,5D6070,Cost
6,Mike Kilback,853715,5D6070,Cost
7,Nicolas Adams,D596B0,14A649,Cost
8,Virginia Fritsch,CE69C2,CE69C2,Time
9,Emma Larson,C16488,21F257,Cost
10,Maryann Toy,14A649,D596B0,Hops
11,Doris Leuschke,310420,127B09,Time
12,Darla Keebler,1DC7F0,CE69C2,Cost
13,Sonia Corkery,127B09,C772C7,Cost
14,Hector Hessel,35B6C4,21F257,Hops
15,Franklin Anderson,5410B8,A4DC58,Cost
16,Jesus Daniel,1B4A36,969B8F,Hops
17,Adam Pollich,CE69C2,4A265D,Cost
18,Elisa Kuphal,BAD29E,DB11A1,Hops
19,Kenneth Crooks,2117B3,5D6070,Time
20,Alison Romaguera,5D6070,A318F7,Time
21,Sophia Emmerich,2117B3,795BAC,Hops
22,Catherine Hand,DB11A1,1B4A36,Time
23,Bobbie Konopelski,795BAC,21F257,Hops
24,Belinda Dickinson,CB90FB,D301B0,Time
25,Tony Parker,4A265D,D301B0,Hops
26,Alonzo Considine,DB11A1,BCE8FE,Time
27,Latoya Monahan,310420,1B4A36,Hops
28,Pamela Dibbert,BCE8FE,3BFAB3,Cost
29,Lillian Pfeffer,D91B6D,FB93C5,Time
30,Daryl Robel,5410B8,9A9688,Time
31,Courtney Tremblay,CB90FB,C16488,Hops
32,Beth Ratke,C8DBE6,BCE8FE,Time
33,Felix Lockman,CE69C2,DB11A1,Cost
34,Helen Ryan,D596B0,2117B3,Time
35,Bessie Jakubowski,853715,C16488,Hops
36,Ida Barton,5BC116,127B09,Time
37,Theresa Rohan,795BAC,12CC56,Time
38,Lola McKenzie,B8EAC2,CB90FB,Hops
39,Hugh Hartmann,127B09,310420,Time
40,Sonia Fritsch,90556B,B8EAC2,Time
41,Shirley Greenfelder,5410B8,969B8F,Hops
42,Marty Kovacek,90556B,C16488,Hops
43,Kent Torp,D301B0,FB93C5,Time
44,Angel Yost,969B8F,D596B0,Cost
45,Gloria Raynor,BAD29E,4A265D,Cost
46,Henry Cummerata,1B4A36,CE69C2,Time
47,Cecilia Bins,DB11A1,14A649,Hops
48,Iris Schaden,310420,83C0D2,Time
49,Stewart Predovic,14A649,1B4A36,Time
50,Jonathon Lehner,83C0D2,5309FB,Cost
51,Ellis Barrows,C8DBE6,127B09,Hops
52,Mae Schaefer,CB90FB,90556B,Time
53,Elena Wisoky,35B6C4,FB93C5,Hops
54,Danielle Gerhold,1B4A36,07EC01,Cost
55,Natasha Rath,90556B,BAD29E,Time
56,Lindsay Block,D91B6D,4A265D,Hops
57,Ira Kunde,ACF3D2,CB90FB,Hops
58,Wm Murray,4A265D,127B09,Hops
59,Joe O'Reilly,9A9688,D301B0,Cost
60,Jessie Sauer,795BAC,07EC01,Hops
61,Ellen Huel,12CC56,CF3C84,Cost
62,Tricia Jerde,83C0D2,969B8F,Time
63,Frederick Dare,B8EAC2,1DC7F0,Cost
64,Lee Greenfelder,9A9688,C772C7,Cost
65,Katrina Runolfsson,DB11A1,127B09,Cost
66,Robert Lebsack,D596B0,BCE8FE,Time
67,Priscilla Lynch,35B6C4,D91B6D,Hops
68,Sean Swift,B8EAC2,3BFAB3,Cost
69,Judy Purdy,D301B0,4A265D,Hops
70,Alvin Durgan,21F257,3BFAB3,Cost
71,Micheal Gerlach,35B6C4,5D6070,Hops
72,Suzanne Gorczany,12CC56,A318F7,Hops
73,Walter Stehr,ACF3D2,C772C7,Cost
74,Ivan Shanahan,D91B6D,795BAC,Time
75,Lola Murazik,853715,FB93C5,Time
76,Elvira McCullough,BAD29E,D91B6D,Time
77,Pauline Kuhlman,9A9688,1B4A36,Cost
78,Joan Keebler,969B8F,83C0D2,Cost
79,Garry Champlin,853715,BAD29E,Hops
80,Nick Kuhn,07EC01,9A9688,Cost
81,Willie Bayer,90556B,4A265D,Time
82,Shelly Emard,795BAC,CE69C2,Hops
83,Mario Steuber,310420,5410B8,Hops
84,Conrad Hessel,B8EAC2,ACF3D2,Cost
85,Perry Runolfsson,853715,A4DC58,Time
86,Clay Muller,BAD29E,C8DBE6,Cost
87,Jay Gutkowski,9A9688,12CC56,Time
88,Glenda Cummings,A4DC58,BCE8FE,Cost
89,Virgil Mitchell,795BAC,ACF3D2,Time
90,Beulah Will,D91B6D,3BFAB3,Cost
91,Latoya Terry,3BFAB3,12CC56,Cost
92,Kenny Davis,BCE8FE,07EC01,Time
93,Dominic Jerde,C772C7,3BFAB3,Hops
94,Ron Jaskolski,9A9688,07EC01,Cost
95,Jane Nitzsche,5410B8,ACF3D2,Cost
96,Lewis Leuschke,D301B0,D91B6D,Hops
97,Chelsea Fahey,D301B0,07EC01,Time
98,Claire Bins,BCE8FE,83C0D2,Cost
99,Melinda Schaden,3BFAB3,795BAC,Cost
100,Mattie Kuhlman,2117B3,D91B6D,Time
101,Kelly Strosin,07EC01,1DC7F0,Hops
102,Daniel Cassin,969B8F,D91B6D,Time
103,Angelina Purdy,5410B8,C8DBE6,Hops
104,Melody Pacocha,CF3C84,D91B6D,Cost
105,Harold Medhurst,14A649,4A265D,Cost
106,Brent Kiehn,5410B8,83C0D2,Hops
107,Jacqueline Lueilwitz,A4DC58,21F257,Cost
108,Marcia Hermiston,5BC116,BCE8FE,Time
109,Carmen O'Keefe,CB90FB,D91B6D,Cost
110,Erma D'Amore,CF3C84,5BC116,Time
111,Jacqueline Champlin,1DC7F0,B8EAC2,Hops
112,Betsy Lehner,D91B6D,BCE8FE,Time
113,Christine Schiller,127B09,D301B0,Time
114,Wilma Nikolaus,12CC56,1DC7F0,Cost
115,Charlene Howe,A4DC58,9A9688,Cost
116,Ashley Cormier,969B8F,21F257,Cost
117,Marcus Morar,853715,5BC116,Hops
118,Roy Dietrich,310420,D91B6D,Time
119,Rick Muller,DB11A1,D301B0,Hops
120,Colin Ryan,C8DBE6,C8DBE6,Cost
121,Steven Reilly,3ACF3F,12CC56,Time
122,Sandra Kozey,795BAC,83C0D2,Time
123,Cornelius Mills,12CC56,C16488,Time
124,Arthur Fisher,D596B0,DB11A1,Time
125,Tara Rohan,DB11A1,795BAC,Cost
126,Leonard Lueilwitz,D301B0,4A265D,Cost
127,Jill Fisher,D91B6D,90556B,Time
128,Joshua Upton,5D6070,FB93C5,Hops
129,Dianne Wisoky,127B09,FB93C5,Hops
130,Lucia Okuneva,5BC116,3BFAB3,Time
131,Teresa Kuhlman,5BC116,90556B,Hops
132,Ebony Wolff,5D6070,21F257,Hops
133,Gertrude Beier,C16488,9A9688,Cost
134,Stuart Greenfelder,4A265D,5309FB,Time
135,Vanessa Rutherford,795BAC,FB93C5,Cost
136,Isaac Goodwin,CE69C2,C8DBE6,Hops
137,Sophie Stanton,CF3C84,4A265D,Cost
138,Nicole Erdman,A4DC58,ACF3D2,Hops
139,Alvin McLaughlin,C8DBE6,9A9688,Hops
140,Wanda O'Keefe,90556B,4A265D,Hops
141,Nichole Schamberger,CF3C84,3BFAB3,Time
142,Gregg Kihn,D301B0,D301B0,Hops
143,Angel Zieme,3BFAB3,BAD29E,Cost
144,Peter Armstrong,14A649,127B09,Hops
145,Alan Grady,35B6C4,12CC56,Time
146,Jeannette Vandervort,1B4A36,12CC56,Hops
147,Roxanne Runolfsdottir,D301B0,BCE8FE,Cost
148,Richard Abernathy,1DC7F0,5D6070,Hops
149,Ivan Satterfield,CE69C2,12CC56,Hops
150,Dixie Crooks,5D6070,CB90FB,Time
151,Juanita Schulist,A4DC58,B8EAC2,Hops
152,Lydia Schumm,5D6070,5BC116,Cost
153,Lena Watsica,C8DBE6,1DC7F0,Time
154,Sophia Hettinger,4A265D,2117B3,Cost
155,Fannie Robel,A4DC58,B8EAC2,Cost
156,Brandy Kuhic,BAD29E,07EC01,Time
157,Jeff Wilkinson,4A265D,ACF3D2,Hops
158,Teri Huel,5D6070,D301B0,Time
159,Joey Spencer,D301B0,BCE8FE,Cost
160,Brittany Mraz,853715,3BFAB3,Time
161,Jacquelyn Gottlieb,12CC56,9A9688,Time
162,Sonya Doyle,BAD29E,BCE8FE,Hops
163,Sandra Herman,D301B0,C772C7,Hops
164,Floyd Schroeder,3BFAB3,5410B8,Cost
165,Samantha Beahan,35B6C4,2117B3,Time
166,Lela Hilll,853715,1DC7F0,Cost
167,Lorena Connelly,A318F7,C16488,Cost
168,Jackie Kirlin,5BC116,BAD29E,Cost
169,Francis Hartmann,795BAC,CB90FB,Hops
170,Henrietta Kassulke,969B8F,CF3C84,Hops
171,Boyd Braun,3BFAB3,5D6070,Cost
172,Jerald Will,853715,A4DC58,Time
173,Andrew Russel,853715,BAD29E,Cost
174,Stacy Sporer,853715,D301B0,Cost
175,Heidi Koepp,14A649,D91B6D,Cost
176,Elena O'Hara,12CC56,BCE8FE,Cost
177,Darrin Bruen,35B6C4,07EC01,Cost
178,Melinda Fritsch,795BAC,3BFAB3,Hops
179,Bobbie Kunze,795BAC,D596B0,Time
180,Anne Strosin,D91B6D,9A9688,Time
181,Tyrone Block,83C0D2,1B4A36,Hops
182,Charlene Rodriguez,C16488,21F257,Time
183,Randolph Wisoky,5BC116,5410B8,Hops
184,Salvador Lemke,2117B3,C16488,Time
185,Guy Morissette,BCE8FE,A4DC58,Hops
186,Linda Brown,C8DBE6,12CC56,Time
187,Bernice Stracke,B8EAC2,CE69C2,Cost
188,Jerome Kuvalis,127B09,310420,Hops
189,Shari Cassin,853715,D91B6D,Hops
190,Joan Lindgren,853715,D91B6D,Time
191,Jamie Dach,C8DBE6,D596B0,Cost
192,David Batz,12CC56,90556B,Hops
193,Wallace Haag,ACF3D2,BAD29E,Cost
194,Julie Fahey,127B09,C772C7,Time
195,Jenna Wehner,5410B8,127B09,Cost
196,Faye Herman,B8EAC2,ACF3D2,Hops
197,Wesley Graham,A318F7,21F257,Cost
198,Gregg West,C8DBE6,CB90FB,Time
199,Philip Rosenbaum,1B4A36,12CC56,Hops
200,Jon Harvey,5309FB,A4DC58,Hops
201,Natalie Auer,A318F7,21F257,Cost
202,Gabriel Botsford,969B8F,127B09,Time
203,Regina Quigley,BCE8FE,9A9688,Time
204,Cecil Kohler,1B4A36,9A9688,Time
205,Lynn Denesik,3ACF3F,969B8F,Cost
206,Wilson Lockman,127B09,35B6C4,Time
207,Clinton Lebsack,9A9688,90556B,Hops
208,Allan Marks,21F257,CE69C2,Hops
209,Jessie Kshlerin,FB93C5,C8DBE6,Cost
210,Jerome Ruecker,FB93C5,3ACF3F,Hops
211,Darrell Beer,ACF3D2,3ACF3F,Hops
212,Cornelius Crona,BCE8FE,BCE8FE,Hops
213,Louis Torp,FB93C5,969B8F,Hops
214,Jermaine Mitchell,A318F7,90556B,Cost
215,Sonya Koelpin,A318F7,C16488,Time
216,Gerardo Crist,83C0D2,D301B0,Hops
217,Floyd Mohr,C16488,5410B8,Cost
218,Tasha Wilkinson,DB11A1,4A265D,Hops
219,Delores Reynolds,BCE8FE,83C0D2,Time
220,Elaine Corkery,5410B8,C16488,Cost
221,Louise Toy,21F257,A318F7,Cost
222,Hattie Senger,CE69C2,1B4A36,Hops
223,Arthur Krajcik,83C0D2,12CC56,Hops
224,Lillian Towne,A318F7,5309FB,Cost
225,Benjamin West,4A265D,C16488,Hops
226,Billy Bernier,4A265D,310420,Time
227,Stephen West,90556B,CF3C84,Hops
228,Guillermo Aufderhar,5309FB,FB93C5,Cost
229,Leland Crooks,83C0D2,C772C7,Cost
230,Jamie Grant,07EC01,5309FB,Time
231,Juana Conn,1B4A36,21F257,Time
232,Juanita Muller,5D6070,795BAC,Hops
233,Wendy Botsford,4A265D,35B6C4,Cost
234,Claude Bashirian,795BAC,127B09,Cost
235,Andres Bashirian,795BAC,853715,Time
236,Marion Armstrong,5BC116,853715,Hops
237,Brian Ernser,9A9688,C16488,Hops
238,Marlene Conroy,ACF3D2,CB90FB,Cost
239,Melissa Volkman,21F257,35B6C4,Hops
240,Sheila Bechtelar,2117B3,795BAC,Hops
241,Garrett Schuppe,D91B6D,D301B0,Cost
242,Morris Smith,D91B6D,CB90FB,Cost
243,Susie Wilkinson,9A9688,A4DC58,Time
244,Marshall O'Kon,969B8F,C8DBE6,Cost
245,Marvin Torphy,B8EAC2,CF3C84,Time
246,Leah Torp,D91B6D,5410B8,Time
247,Gustavo Nicolas,4A265D,C16488,Hops
248,Juanita Nicolas,83C0D2,795BAC,Hops
249,Morris Thiel,07EC01,A318F7,Cost
250,Luke Kozey,C8DBE6,127B09,Cost
251,Julius Bahringer,4A265D,CE69C2,Cost
252,Courtney Feeney,D596B0,90556B,Hops
253,Kristin West,1DC7F0,A318F7,Time
254,Wilbur Mertz,9A9688,BCE8FE,Hops
255,Clayton Schimmel,969B8F,5410B8,Cost
256,Mable O'Connell,35B6C4,C8DBE6,Time
257,Armando Rogahn,14A649,90556B,Time
258,Edgar Terry,A4DC58,5309FB,Hops
259,Kay Fahey,BAD29E,3BFAB3,Cost
260,Janie Will,B8EAC2,12CC56,Time
261,Rene Ortiz,90556B,83C0D2,Cost
262,Kim Mann,BCE8FE,21F257,Cost
263,Dale Kuvalis,5309FB,14A649,Cost
264,Chad Cole,D91B6D,C8DBE6,Cost
265,Bob Ritchie,C16488,DB11A1,Cost
266,Edmond Schulist,21F257,DB11A1,Time
267,Ollie Nolan,A318F7,D91B6D,Cost
268,Owen Deckow,B8EAC2,A4DC58,Cost
269,Enrique Runte,5309FB,5D6070,Cost
270,Doug Welch,90556B,4A265D,Time
271,May Parker,5309FB,4A265D,Cost
272,Dixie Turner,07EC01,CE69C2,Time
273,Joyce Kozey,5309FB,D596B0,Cost
274,Roderick Bergnaum,D91B6D,CB90FB,Cost
275,Gretchen Nolan,ACF3D2,BCE8FE,Cost
276,Javier Lubowitz,3ACF3F,795BAC,Cost
277,Omar Lowe,D596B0,B8EAC2,Cost
278,Dallas Smitham,ACF3D2,21F257,Hops
279,Brandon Kassulke,5309FB,ACF3D2,Cost
280,Yolanda Bode,B8EAC2,D91B6D,Cost
281,Florence Schaefer,14A649,BAD29E,Cost
282,Cassandra O'Kon,310420,4A265D,Hops
283,Suzanne Wintheiser,83C0D2,A4DC58,Hops
284,Jackie Thiel,DB11A1,C772C7,Time
285,Ebony Hills,127B09,90556B,Hops
286,Kristy Ondricka,5309FB,4A265D,Cost
287,Cameron Romaguera,1DC7F0,D301B0,Cost
288,Gwendolyn Kemmer,A318F7,C16488,Hops
289,Leslie Thompson,B8EAC2,BAD29E,Time
290,Nicole Zemlak,D91B6D,90556B,Cost
291,Jeanne Glover,A318F7,21F257,Time
292,Jenna Fisher,310420,310420,Time
293,Christy Donnelly,310420,853715,Time
294,Nicholas Jacobi,969B8F,FB93C5,Hops
295,Marcus Pacocha,CF3C84,B8EAC2,Hops
296,Frank Rogahn,1DC7F0,CE69C2,Cost
297,Jonathon Mitchell,CF3C84,12CC56,Cost
298,Virgil Lynch,4A265D,9A9688,Cost
299,Megan Jaskolski,BAD29E,CF3C84,Time
300,Blanche Douglas,3BFAB3,14A649,Cost
301,Dianne Corkery,B8EAC2,1DC7F0,Cost
302,Harold Moore,D91B6D,12CC56,Cost
303,Kevin Strosin,C772C7,FB93C5,Time
304,Lindsay Huel,D596B0,CB90FB,Time
305,Rhonda Torphy,C772C7,CB90FB,Hops
306,Eula Raynor,B8EAC2,BAD29E,Cost
307,Cathy Gerlach,5BC116,A4DC58,Time
308,Lori Greenholt,14A649,853715,Cost
309,Maureen Wunsch,5309FB,127B09,Hops
310,Alan Champlin,FB93C5,FB93C5,Cost
311,Vincent Corkery,3BFAB3,ACF3D2,Hops
312,Jonathan Huel,C8DBE6,5D6070,Hops
313,Garrett Metz,5BC116,CE69C2,Time
314,Eugene Williamson,3BFAB3,5D6070,Time
315,Rudolph Wilkinson,1B4A36,83C0D2,Cost
316,Joshua Crist,1B4A36,90556B,Hops
317,Sheri Ortiz,1DC7F0,5309FB,Cost
318,Andy Huel,21F257,5D6070,Hops
319,Terrence Bechtelar,B8EAC2,D301B0,Cost
320,Roger Altenwerth,C8DBE6,BCE8FE,Cost
321,Gladys Baumbach,12CC56,14A649,Hops
322,Timothy Mohr,3BFAB3,C8DBE6,Cost
323,Ruby Gislason,ACF3D2,35B6C4,Time
324,Patti Ratke,1DC7F0,83C0D2,Hops
325,Rudy Murazik,D301B0,5309FB,Time
326,Catherine Herzog,127B09,14A649,Hops
327,Stella Cummings,A4DC58,C16488,Time
328,Jeffrey Herman,1DC7F0,14A649,Time
329,Debra Ruecker,B8EAC2,310420,Cost
330,Lewis Dare,5309FB,2117B3,Cost
331,Irene Goyette,BCE8FE,DB11A1,Time
332,Ken Hilll,FB93C5,CE69C2,Cost
333,Linda Franecki,969B8F,A4DC58,Hops
334,Isaac Schaden,127B09,D301B0,Time
335,Laverne Kuhn,D301B0,5410B8,Time
336,Nettie Murray,3ACF3F,14A649,Time
337,Austin Rosenbaum,C772C7,4A265D,Hops
338,Candice Heller,CB90FB,5BC116,Hops
339,Jared Jakubowski,853715,1DC7F0,Cost
340,Rickey Rosenbaum,5BC116,83C0D2,Time
341,Shelley Padberg,BCE8FE,14A649,Cost
342,Kristopher Hudson,83C0D2,5BC116,Time
343,Preston Turcotte,FB93C5,07EC01,Time
344,Ellen Okuneva,D91B6D,3BFAB3,Time
345,Myron Konopelski,310420,D301B0,Cost
346,Arnold D'Amore,D301B0,5BC116,Time
347,Jesse Gleichner,C772C7,3BFAB3,Time
348,Darrell Schimmel,795BAC,853715,Hops
349,Miriam Ondricka,C8DBE6,5D6070,Hops
350,Laurence Upton,35B6C4,12CC56,Time
351,Gretchen Jakubowski,5BC116,83C0D2,Cost
352,Dexter Keeling,3BFAB3,83C0D2,Hops
353,Lowell Quigley,35B6C4,83C0D2,Cost
354,Ernest Murray,21F257,12CC56,Cost
355,Lynne Parker,C772C7,C16488,Cost
356,Orlando Weber,9A9688,D301B0,Time
357,Jennie Conroy,35B6C4,5D6070,Hops
358,Jessie Olson,CE69C2,CB90FB,Time
359,Lynne Schaden,FB93C5,4A265D,Cost
360,Verna Brekke,853715,9A9688,Time
361,Vivian Bauch,C772C7,35B6C4,Cost
362,Russell Lockman,BAD29E,1DC7F0,Cost
363,Elena Parker,310420,CE69C2,Time
364,Marcos Hermann,CF3C84,310420,Cost
365,Clarence Boyer,ACF3D2,D91B6D,Cost
366,Pablo Breitenberg,83C0D2,3BFAB3,Cost
367,Ida Hane,CB90FB,853715,Cost
368,Otis Durgan,9A9688,07EC01,Time
369,Frank Larkin,FB93C5,4A265D,Hops
370,Otis Kohler,795BAC,12CC56,Cost
371,Dale Wehner,BCE8FE,5410B8,Time
372,Mamie Herzog,127B09,5D6070,Hops
373,Faith McGlynn,795BAC,5D6070,Cost
374,Darnell Schmitt,83C0D2,FB93C5,Cost
375,Karl Ondricka,3ACF3F,310420,Cost
376,Stacey Graham,C16488,ACF3D2,Cost
377,Geoffrey Rohan,795BAC,CE69C2,Time
378,Elsa Klein,310420,C8DBE6,Cost
379,Bennie Metz,BAD29E,D301B0,Cost
380,Lindsay Wiza,1B4A36,C16488,Hops
381,Casey Murphy,35B6C4,BCE8FE,Hops
382,Ricky Kuvalis,969B8F,4A265D,Hops
383,Ignacio Wyman,DB11A1,3ACF3F,Hops
384,Monique Nicolas,90556B,FB93C5,Cost
385,Alan Feeney,127B09,9A9688,Cost
386,Francis Beatty,9A9688,A318F7,Hops
387,Janis Ankunding,CB90FB,3ACF3F,Cost
388,Wilbert Roob,BCE8FE,C16488,Cost
389,Sherry Roberts,969B8F,1DC7F0,Cost
390,Donnie Weissnat,35B6C4,9A9688,Time
391,Jon Hyatt,C16488,BCE8FE,Cost
392,Joanna Donnelly,853715,310420,Time
393,Eloise Jast,ACF3D2,5410B8,Cost
394,Lee Johnson,BAD29E,CB90FB,Hops
395,Javier Rodriguez,C16488,CF3C84,Cost
396,Antoinette Carter,2117B3,2117B3,Hops
397,Jared Ferry,BAD29E,12CC56,Time
398,Sadie Harris,CE69C2,D596B0,Hops
399,Travis Dickens,127B09,D596B0,Cost
400,Cedric Emard,A318F7,CB90FB,Time
401,Vivian Dickinson,07EC01,4A265D,Time
402,Darrin Gislason,B8EAC2,12CC56,Hops
403,Oliver Jakubowski,21F257,3BFAB3,Hops
404,Wilbur Mann,D301B0,A318F7,Cost
405,Gustavo Grimes,D91B6D,DB11A1,Hops
406,Julio Bernhard,35B6C4,B8EAC2,Hops
407,Edward Leuschke,DB11A1,969B8F,Time
408,Robert Casper,FB93C5,853715,Cost
409,Henrietta Sipes,35B6C4,ACF3D2,Hops
410,Hugh Gleichner,4A265D,853715,Cost
411,Derrick Hilpert,12CC56,1DC7F0,Cost
412,Doug Ward,5309FB,C8DBE6,Cost
413,Courtney Schuster,3BFAB3,CB90FB,Time
414,Tim Turner,14A649,A318F7,Hops
415,Marie Mosciski,90556B,3BFAB3,Hops
416,Richard Nikolaus,B8EAC2,35B6C4,Cost
417,Philip Crist,CB90FB,1DC7F0,Cost
418,Jose Willms,A318F7,21F257,Time
419,Jon Denesik,90556B,12CC56,Cost
420,Elsa Rodriguez,CE69C2,B8EAC2,Time
421,Luke Kovacek,310420,2117B3,Time
422,Erika Block,12CC56,BCE8FE,Cost
423,Monica Welch,853715,9A9688,Time
424,Madeline McLaughlin,127B09,D91B6D,Time
425,Desiree Deckow,1B4A36,A4DC58,Cost
426,Alison Dare,83C0D2,ACF3D2,Hops
427,Marc Kautzer,C772C7,D301B0,Hops
428,Madeline Douglas,CE69C2,C8DBE6,Cost
429,Alton Gutkowski,14A649,A318F7,Cost
430,Angie Corkery,310420,BAD29E,Cost
431,Ted Swift,5410B8,5D6070,Hops
432,Rene Skiles,CB90FB,C8DBE6,Hops
433,Darin Gutkowski,DB11A1,FB93C5,Hops
434,Floyd Batz,90556B,CB90FB,Hops
435,Maggie Bins,ACF3D2,C772C7,Time
436,Monica Okuneva,14A649,D596B0,Cost
437,Ruby Grimes,21F257,ACF3D2,Time
438,Tricia Morissette,5309FB,3BFAB3,Cost
439,Abraham Borer,C16488,FB93C5,Hops
440,Sherman Herman,83C0D2,FB93C5,Cost
441,Randolph Bauch,CE69C2,CB90FB,Cost
442,Justin Predovic,83C0D2,DB11A1,Hops
443,April Yundt,C772C7,D91B6D,Cost
444,Johnathan Bartoletti,D91B6D,127B09,Time
445,Teri Altenwerth,A318F7,07EC01,Hops
446,Sarah Hackett,1DC7F0,853715,Cost
447,Stacy Toy,3ACF3F,1B4A36,Hops
448,Becky Mann,A4DC58,35B6C4,Hops
449,Noah Turcotte,CE69C2,9A9688,Time
450,Karla Jenkins,CB90FB,B8EAC2,Time
451,Leona Jast,4A265D,D596B0,Time
452,Salvador Leuschke,21F257,5410B8,Cost
453,Nichole Stokes,C772C7,CF3C84,Hops
454,Justin Johnson,795BAC,2117B3,Time
455,Guy Altenwerth,D301B0,3ACF3F,Hops
456,Rachel Heaney,BCE8FE,FB93C5,Hops
457,Sophie Ortiz,07EC01,127B09,Cost
458,Everett Ebert,D301B0,CB90FB,Hops
459,Christopher Denesik,1DC7F0,D596B0,Cost
460,Russell Wisoky,2117B3,83C0D2,Cost
461,Marc Emmerich,35B6C4,1DC7F0,Hops
462,Joanne Waelchi,127B09,DB11A1,Time
463,Jasmine Lesch,B8EAC2,83C0D2,Time
464,Bob Heaney,1B4A36,BAD29E,Time
465,Zachary Rempel,BAD29E,DB11A1,Time
466,Trevor Ankunding,35B6C4,BCE8FE,Time
467,Betty Morar,12CC56,ACF3D2,Time
468,Eduardo Abbott,853715,5410B8,Cost
469,Lisa Abshire,D301B0,21F257,Cost
470,Misty Gutmann,4A265D,1B4A36,Time
471,Desiree Gaylord,4A265D,4A265D,Time
472,Inez Kshlerin,BAD29E,BAD29E,Time
473,Katie Lubowitz,B8EAC2,4A265D,Time
474,Felipe Welch,90556B,B8EAC2,Time
475,Raymond Konopelski,CB90FB,CF3C84,Cost
476,Gary Cruickshank,5309FB,C16488,Time
477,Joann Daniel,ACF3D2,1DC7F0,Cost
478,Erik Hyatt,07EC01,21F257,Cost
479,Mandy Krajcik,5410B8,C772C7,Time
480,Frank Hermann,969B8F,4A265D,Hops
481,Marc Feest,BAD29E,14A649,Hops
482,Ellen Connelly,5309FB,90556B,Hops
483,Lorenzo O'Connell,D301B0,14A649,Cost
484,Juana Steuber,CB90FB,5309FB,Hops
485,Sonia Weimann,CE69C2,C8DBE6,Hops
486,Opal Wunsch,07EC01,127B09,Time
487,David Brekke,1DC7F0,90556B,Cost
488,Mamie Gusikowski,ACF3D2,310420,Cost
489,Marty Feest,9A9688,3ACF3F,Hops
490,Rosemary Cummings,D301B0,795BAC,Time
491,Lynne Herman,B8EAC2,CE69C2,Hops
492,Erin Smith,C772C7,21F257,Time
493,Iris Kub,CE69C2,D301B0,Cost
494,Maxine Jakubowski,A318F7,3BFAB3,Cost
495,Hugo Medhurst,83C0D2,2117B3,Time
496,Monique Murphy,DB11A1,D596B0,Hops
497,Stella Mitchell,ACF3D2,21F257,Cost
498,Henry Heller,3BFAB3,ACF3D2,Cost
499,Abraham Hirthe,3BFAB3,C16488,Time
500,Andres Goodwin,07EC01,DB11A1,Hops
501,Donald Wolf,C8DBE6,B8EAC2,Cost
502,Clark Gerlach,35B6C4,A4DC58,Hops
503,Teresa Schaden,D301B0,DB11A1,Hops
504,Wilma Little,D301B0,21F257,Time
505,Jonathan Grady,3BFAB3,83C0D2,Cost
506,Fred Lemke,D301B0,5D6070,Cost
507,Leland Johns,C8DBE6,5309FB,Hops
508,Nathaniel Davis,A4DC58,5309FB,Time
509,Don Satterfield,5BC116,310420,Hops
510,Philip Hilpert,1DC7F0,5410B8,Hops
511,Kristi Dietrich,D301B0,ACF3D2,Time
512,Christine Nolan,D301B0,C772C7,Cost
513,Jenny Nicolas,3ACF3F,A318F7,Cost
514,Maurice Renner,310420,1DC7F0,Cost
515,Shari Johnson,969B8F,5D6070,Time
516,Yolanda Spencer,853715,853715,Time
517,Barry Jerde,21F257,5309FB,Cost
518,Desiree Brekke,969B8F,310420,Cost
519,Josh Harvey,310420,853715,Hops
520,Chris Schowalter,90556B,795BAC,Cost
521,John Cartwright,83C0D2,1DC7F0,Hops
522,Leon Strosin,5BC116,C16488,Time
523,Carla Mitchell,5BC116,FB93C5,Cost
524,Heather Beer,3ACF3F,83C0D2,Time
525,Irma Lindgren,CB90FB,07EC01,Time
526,Erma Blick,127B09,3BFAB3,Cost
527,Edward Crist,21F257,127B09,Time
528,Lorena Leuschke,C772C7,07EC01,Hops
529,Joshua Wyman,C772C7,BCE8FE,Hops
530,Sarah Kerluke,21F257,9A9688,Time
531,Francisco McClure,DB11A1,5410B8,Cost
532,Alicia Dickinson,ACF3D2,1DC7F0,Hops
533,Bob Macejkovic,CF3C84,D91B6D,Cost
534,Salvatore Mraz,BAD29E,FB93C5,Time
535,Muriel Kshlerin,D596B0,CF3C84,Hops
536,Santos Tremblay,3BFAB3,1DC7F0,Time
537,Erin Schimmel,D596B0,ACF3D2,Cost
538,Roger McDermott,5309FB,ACF3D2,Cost
539,Marlon Sanford,D596B0,A4DC58,Time
540,Bessie Harber,1DC7F0,14A649,Hops
541,Bessie Halvorson,1B4A36,310420,Hops
542,Miranda D'Amore,C772C7,C772C7,Hops
543,Wendy Grady,BCE8FE,BAD29E,Cost
544,Ben Wolf,3ACF3F,3ACF3F,Hops
545,Margaret Boyer,C16488,BAD29E,Cost
546,Shari Cummings,D301B0,BAD29E,Hops
547,Sandy Lowe,795BAC,310420,Cost
548,Tara Windler,D91B6D,5D6070,Hops
549,Stewart Kuphal,90556B,ACF3D2,Time
550,Clifford Streich,CE69C2,C16488,Hops
551,Delores Runolfsdottir,1B4A36,ACF3D2,Hops
552,Kristine Langworth,C772C7,12CC56,Hops
553,Gertrude Bernier,35B6C4,14A649,Hops
554,Luis Romaguera,35B6C4,C8DBE6,Time
555,Jessie Kertzmann,C16488,FB93C5,Cost
556,Wendell Cartwright,D91B6D,BAD29E,Cost
557,Nancy King,90556B,07EC01,Cost
558,Hattie Wunsch,12CC56,3ACF3F,Hops
559,Kay Hane,D91B6D,ACF3D2,Time
560,Nick Wehner,07EC01,1DC7F0,Hops
561,Kathy Wyman,3BFAB3,127B09,Cost
562,Jim Bergnaum,310420,5BC116,Hops
563,April Greenfelder,969B8F,9A9688,Hops
564,Harvey Wintheiser,14A649,83C0D2,Hops
565,Frank Sauer,5309FB,A4DC58,Hops
566,Lynne Ullrich,5410B8,D91B6D,Hops
567,Beulah Heaney,B8EAC2,BAD29E,Hops
568,Bobby Weber,14A649,795BAC,Hops
569,Gayle Wilderman,5D6070,12CC56,Cost
570,Elsa Bode,FB93C5,ACF3D2,Time
571,Holly Williamson,D91B6D,3BFAB3,Cost
572,Sammy Feeney,853715,310420,Hops
573,Kurt Pfannerstill,B8EAC2,14A649,Hops
574,Jan O'Connell,3ACF3F,C8DBE6,Cost
575,Russell Kozey,DB11A1,D596B0,Hops
576,Mona Champlin,A4DC58,12CC56,Hops
577,William Kuhlman,DB11A1,127B09,Cost
578,Shelia Jaskolski,BAD29E,5410B8,Time
579,Bradford Robel,07EC01,2117B3,Hops
580,Opal Schultz,D596B0,5309FB,Time
581,Rufus Mills,853715,4A265D,Cost
582,Laurie Towne,83C0D2,12CC56,Hops
583,Lynette Bergstrom,B8EAC2,853715,Hops
584,Leslie Tromp,1DC7F0,C16488,Time
585,Otis Cormier,969B8F,9A9688,Hops
586,Lynne Johnston,1DC7F0,07EC01,Hops
587,Jean Marvin,5410B8,35B6C4,Cost
588,Jana Zieme,D91B6D,969B8F,Hops
589,Benjamin Paucek,FB93C5,C772C7,Hops
590,Joey Daugherty,310420,C8DBE6,Hops
591,Andres Kautzer,CF3C84,1B4A36,Time
592,Juan Klocko,5309FB,14A649,Hops
593,Erick Nader,A4DC58,D91B6D,Hops
594,Maxine Crist,310420,127B09,Hops
595,Roberta Yundt,D596B0,35B6C4,Time
596,Archie Kuhn,2117B3,DB11A1,Time
597,Kurt O'Connell,5BC116,DB11A1,Cost
598,Anne Metz,DB11A1,127B09,Cost
599,Sidney Schulist,C16488,ACF3D2,Time
600,Lyle Gerlach,90556B,4A265D,Time
601,Juana Murray,969B8F,35B6C4,Cost
602,Felipe Jaskolski,2117B3,83C0D2,Cost
603,Laurence Torp,3BFAB3,ACF3D2,Time
604,Manuel Kohler,310420,1DC7F0,Time
605,Vickie Kovacek,D91B6D,BCE8FE,Hops
606,Israel Miller,9A9688,5BC116,Cost
607,Ernestine Kessler,A4DC58,BAD29E,Cost
608,Ismael Effertz,CB90FB,3BFAB3,Hops
609,Melody Kohler,CF3C84,21F257,Hops
610,Roberto Murazik,12CC56,ACF3D2,Cost
611,Patsy Bauch,D301B0,C16488,Cost
612,Van Flatley,A318F7,D301B0,Hops
613,Angel Ondricka,90556B,3BFAB3,Time
614,James Marvin,14A649,795BAC,Cost
615,Hubert Wyman,3BFAB3,3ACF3F,Hops
616,Arnold Corkery,9A9688,969B8F,Time
617,Ramona Lang,CE69C2,CB90FB,Time
618,Michelle Fadel,B8EAC2,3BFAB3,Cost
619,Shane Gaylord,B8EAC2,C16488,Time
620,Marion Kreiger,5309FB,1B4A36,Cost
621,Kyle Glover,D301B0,35B6C4,Hops
622,Estelle Paucek,14A649,35B6C4,Cost
623,Leland Schroeder,2117B3,C16488,Hops
624,Holly Schamberger,35B6C4,DB11A1,Hops
625,Lewis Larson,969B8F,C16488,Hops
626,Saul Breitenberg,ACF3D2,FB93C5,Cost
627,Kristy Huel,853715,310420,Hops
628,Pedro Kulas,83C0D2,3BFAB3,Hops
629,Nicole Kuhlman,B8EAC2,5410B8,Time
630,Kathryn Stiedemann,5BC116,969B8F,Hops
631,Duane Haley,ACF3D2,D301B0,Cost
632,Adam Walsh,1DC7F0,3ACF3F,Time
633,Vera Hodkiewicz,127B09,CF3C84,Cost
634,Carl Crooks,14A649,4A265D,Cost
635,Elisa Ernser,1DC7F0,B8EAC2,Cost
636,Marco Prohaska,12CC56,D301B0,Time
637,Martin Kemmer,ACF3D2,D596B0,Cost
638,Jeanette Carroll,5BC116,21F257,Time
639,Johanna Berge,4A265D,969B8F,Cost
640,Benjamin Roberts,C16488,CE69C2,Cost
641,Angie Stoltenberg,1DC7F0,14A649,Hops
642,Owen Sanford,12CC56,FB93C5,Time
643,Leon Bogan,07EC01,127B09,Hops
644,Clinton Yundt,DB11A1,C16488,Hops
645,Omar Gutkowski,D91B6D,CF3C84,Hops
646,Shaun Cummerata,5BC116,ACF3D2,Time
647,Donna Feil,83C0D2,1DC7F0,Hops
648,Cristina Runte,DB11A1,9A9688,Cost
649,Jan Weimann,D301B0,C772C7,Cost
650,Ernest Koss,127B09,5BC116,Hops
651,Kent Stehr,2117B3,5309FB,Cost
652,Anne O'Reilly,4A265D,12CC56,Hops
653,Santiago Shanahan,3BFAB3,3BFAB3,Hops
654,Jeannette Smith,21F257,5410B8,Cost
655,Joseph Mills,ACF3D2,C16488,Time
656,Ashley Bechtelar,83C0D2,310420,Time
657,Melinda Schimmel,D596B0,5309FB,Time
658,Lisa Funk,CE69C2,ACF3D2,Cost
659,Luz Abernathy,853715,1DC7F0,Cost
660,Terence Streich,5D6070,C772C7,Cost
661,Christy Turner,D91B6D,2117B3,Time
662,Sandy Ernser,3BFAB3,310420,Cost
663,Lucille Cormier,FB93C5,2117B3,Hops
664,Darlene Oberbrunner,4A265D,C772C7,Time
665,Edna Satterfield,CF3C84,B8EAC2,Time
666,Timothy Douglas,CE69C2,D596B0,Hops
667,Sarah Zieme,C772C7,83C0D2,Hops
668,Gilberto Pouros,D596B0,A4DC58,Time
669,Krista Stanton,ACF3D2,127B09,Hops
670,Kate Jakubowski,B8EAC2,2117B3,Cost
671,Margie Lebsack,D596B0,D596B0,Time
672,Ernest Ullrich,D301B0,35B6C4,Hops
673,Tammy Bailey,ACF3D2,D301B0,Time
674,Santiago Ondricka,3BFAB3,3BFAB3,Hops
675,Cecil Gottlieb,4A265D,12CC56,Hops
676,Herbert Brown,853715,DB11A1,Cost
677,Erika Predovic,795BAC,C772C7,Cost
678,Lamar VonRueden,1B4A36,A318F7,Cost
679,Alfonso Farrell,D91B6D,BCE8FE,Hops
680,Roxanne Ryan,127B09,CF3C84,Time
681,Kenneth Cartwright,CB90FB,FB93C5,Hops
682,Caroline Kirlin,3ACF3F,35B6C4,Time
683,Madeline O'Keefe,C16488,C8DBE6,Hops
684,Edgar Gerhold,4A265D,21F257,Hops
685,Marta Lebsack,3BFAB3,D301B0,Hops
686,Lori Wiza,5410B8,90556B,Cost
687,Candice Wilkinson,BAD29E,BCE8FE,Hops
688,Edmond Wilkinson,5309FB,969B8F,Hops
689,Stephen Green,90556B,2117B3,Hops
690,Delbert Corwin,BAD29E,CE69C2,Time
691,Mark Kertzmann,3ACF3F,C16488,Hops
692,Travis Fisher,C772C7,FB93C5,Time
693,April Bayer,FB93C5,5410B8,Cost
694,Marlene Ortiz,4A265D,5D6070,Hops
695,Simon Auer,D91B6D,969B8F,Time
696,Roderick O'Hara,83C0D2,127B09,Time
697,Daisy Olson,5BC116,D91B6D,Hops
698,Caleb Kautzer,9A9688,969B8F,Cost
699,Wilma Swift,C772C7,4A265D,Time
700,Johanna Davis,83C0D2,ACF3D2,Time
701,Ervin Deckow,A318F7,ACF3D2,Time
702,Drew Tremblay,1B4A36,795BAC,Time
703,Alton Hermann,5410B8,310420,Time
704,Jo Oberbrunner,1B4A36,D596B0,Cost
705,Albert Schinner,CE69C2,4A265D,Cost
706,Kristy Kovacek,14A649,FB93C5,Hops
707,Cassandra Feeney,B8EAC2,5410B8,Hops
708,Bridget Bradtke,B8EAC2,D91B6D,Time
709,Tara Ferry,4A265D,3ACF3F,Time
710,Laverne Hahn,90556B,35B6C4,Hops
711,Herbert Weber,2117B3,FB93C5,Cost
712,Judy Cassin,A4DC58,21F257,Hops
713,Damon Raynor,CF3C84,83C0D2,Hops
714,Richard McGlynn,ACF3D2,CE69C2,Cost
715,Misty Kshlerin,FB93C5,B8EAC2,Cost
716,Courtney Towne,83C0D2,CE69C2,Hops
717,Shannon Kemmer,CF3C84,2117B3,Cost
718,Miguel Nitzsche,C16488,9A9688,Hops
719,Tonya Johnston,12CC56,795BAC,Cost
720,Ellen Weber,D91B6D,C772C7,Time
721,Salvatore Rolfson,127B09,5410B8,Time
722,Rosemarie Upton,C16488,C8DBE6,Time
723,Daryl Hodkiewicz,CB90FB,D301B0,Time
724,Jonathan Feil,5309FB,CE69C2,Cost
725,Hattie Sawayn,1B4A36,BAD29E,Hops
726,Herbert Ziemann,B8EAC2,D596B0,Hops
727,Barbara Goyette,CF3C84,BAD29E,Cost
728,Harry Carter,853715,BCE8FE,Hops
729,Sheldon Schowalter,3BFAB3,C8DBE6,Hops
730,Wilson Williamson,310420,2117B3,Cost
731,Sylvester Hills,21F257,D301B0,Cost
732,Ramon Jast,ACF3D2,969B8F,Time
733,Jeannette Hoeger,3BFAB3,9A9688,Time
734,Sophia Muller,D301B0,969B8F,Time
735,Lynn Bailey,83C0D2,C8DBE6,Time
736,Taylor Larkin,2117B3,A318F7,Hops
737,Elsie Lynch,C16488,A318F7,Cost
738,Jessie Hamill,D91B6D,D301B0,Time
739,Percy Fay,969B8F,BCE8FE,Cost
740,Winifred Koelpin,14A649,CE69C2,Hops
741,Caleb Swift,B8EAC2,795BAC,Time
742,Joey Langosh,C8DBE6,D91B6D,Time
743,Jeanne Ward,35B6C4,C772C7,Hops
744,Kellie Nicolas,9A9688,BCE8FE,Hops
745,Irving Cartwright,ACF3D2,C16488,Time
746,Rose Koss,ACF3D2,DB11A1,Cost
747,Yvette Russel,BCE8FE,127B09,Hops
748,Rene Lueilwitz,5410B8,5410B8,Cost
749,Micheal Schimmel,83C0D2,D91B6D,Cost
750,Clarence Huels,310420,B8EAC2,Cost
751,Gretchen Quigley,969B8F,CF3C84,Cost
752,Marie Veum,C8DBE6,5BC116,Cost
753,Kelley Heller,07EC01,21F257,Time
754,Forrest Beahan,310420,1B4A36,Cost
755,Dolores Reilly,C16488,4A265D,Cost
756,Alexander Zieme,90556B,A4DC58,Time
757,Jerry Labadie,CF3C84,795BAC,Hops
758,Emilio Gerlach,5BC116,07EC01,Time
759,Ron Grant,C772C7,BCE8FE,Cost
760,Clayton Mosciski,9A9688,4A265D,Hops
761,Delia Harber,07EC01,FB93C5,Hops
762,Brooke Gusikowski,969B8F,795BAC,Time
763,Carol Mayer,C8DBE6,5410B8,Time
764,Myra Hodkiewicz,CE69C2,CE69C2,Hops
765,Javier Kovacek,853715,D301B0,Time
766,Ismael Davis,BCE8FE,3BFAB3,Hops
767,Darin Brekke,C8DBE6,CF3C84,Cost
768,Marcella Huels,4A265D,35B6C4,Cost
769,Dominic Walsh,CE69C2,C772C7,Time
770,Ed Heidenreich,ACF3D2,90556B,Cost
771,Guillermo Roob,A4DC58,14A649,Time
772,Shawna Ritchie,A4DC58,5410B8,Time
773,Lula Goyette,C16488,35B6C4,Time
774,Elias Walker,1B4A36,C8DBE6,Cost
775,Angela McClure,FB93C5,A318F7,Hops
776,Ramon Bode,A318F7,5BC116,Time
777,Kim Balistreri,A318F7,BAD29E,Hops
778,Inez Mohr,5309FB,2117B3,Hops
779,Eula Johnson,2117B3,C772C7,Time
780,Alonzo Shanahan,35B6C4,DB11A1,Hops
781,Kristine Wiegand,5410B8,FB93C5,Cost
782,Edmond West,35B6C4,C772C7,Time
783,Jeannie Casper,853715,CB90FB,Hops
784,Maria Hills,C16488,A4DC58,Cost
785,Holly Gutmann,90556B,3ACF3F,Hops
786,Charlotte Jenkins,07EC01,C772C7,Cost
787,Cody Purdy,853715,9A9688,Hops
788,Kelley Kessler,BAD29E,D596B0,Cost
789,Trevor Orn,969B8F,310420,Time
790,Abraham Schulist,853715,21F257,Cost
791,Chris Ledner,C8DBE6,5309FB,Time
792,Caleb Mertz,5410B8,90556B,Cost
793,Vanessa D'Amore,FB93C5,853715,Cost
794,April Schaden,5D6070,3BFAB3,Time
795,Bill Kiehn,B8EAC2,5BC116,Cost
796,Rafael Treutel,07EC01,3ACF3F,Time
797,Jerry Jacobson,5410B8,853715,Cost
798,Doyle Hyatt,CE69C2,A4DC58,Cost
799,Pam Cummings,CF3C84,90556B,Time
800,Margaret Ferry,90556B,ACF3D2,Hops
801,Alfred Hand,3BFAB3,1B4A36,Hops
802,Matthew Wolf,D596B0,5410B8,Time
803,Cesar Larson,3BFAB3,310420,Hops
804,Lance Runolfsson,1B4A36,C8DBE6,Cost
805,Tracey Ledner,A4DC58,A4DC58,Time
806,Jana Heathcote,1B4A36,9A9688,Hops
807,Veronica Hegmann,5309FB,ACF3D2,Hops
808,Elijah Altenwerth,FB93C5,3BFAB3,Cost
809,Sammy Osinski,853715,D596B0,Cost
810,Mamie Koelpin,CE69C2,BAD29E,Time
811,Ruby Pollich,CF3C84,D596B0,Time
812,Gene Stehr,CE69C2,5410B8,Hops
813,Bethany Zieme,795BAC,12CC56,Hops
814,Hugo Oberbrunner,BCE8FE,C772C7,Hops
815,Jacquelyn Altenwerth,12CC56,CB90FB,Time
816,Olivia Franecki,A318F7,83C0D2,Time
817,Austin Watsica,853715,07EC01,Hops
818,Carole Hodkiewicz,CB90FB,07EC01,Time
819,Hannah Bosco,A4DC58,B8EAC2,Hops
820,Anita Olson,21F257,ACF3D2,Time
821,Sammy McDermott,90556B,127B09,Time
822,Helen Hirthe,14A649,FB93C5,Cost
823,Denise Nikolaus,5410B8,BAD29E,Cost
824,Mathew Hand,C16488,14A649,Time
825,Geraldine Mante,127B09,853715,Hops
826,Nina Lakin,5410B8,A318F7,Cost
827,Edwin Langworth,C8DBE6,C16488,Time
828,Julio Friesen,127B09,5BC116,Hops
829,Johnny Flatley,1B4A36,795BAC,Time
830,Tommy Schuppe,5410B8,CF3C84,Cost
831,Ellis Hoeger,90556B,969B8F,Time
832,Garry Toy,1B4A36,A4DC58,Time
833,Monique Dare,A318F7,90556B,Cost
834,Terri Kuhlman,B8EAC2,C16488,Cost
835,Harvey Buckridge,CE69C2,BCE8FE,Cost
836,Melissa Murphy,14A649,CF3C84,Time
837,Rosemary Lebsack,127B09,4A265D,Time
838,Suzanne Reinger,DB11A1,5309FB,Time
839,Naomi Johns,5D6070,A4DC58,Cost
840,Ignacio Kerluke,969B8F,90556B,Hops
841,Whitney Wolff,1DC7F0,5410B8,Hops
842,Cedric West,C8DBE6,D596B0,Hops
843,Krystal Goldner,2117B3,21F257,Hops
844,Emily Thompson,14A649,21F257,Time
845,Krista Bednar,9A9688,A318F7,Cost
846,George Lynch,CB90FB,21F257,Time
847,Garrett Roob,D301B0,5410B8,Cost
848,Glenn Goodwin,D301B0,3ACF3F,Hops
849,Alison Harris,83C0D2,C16488,Cost
850,Geneva White,12CC56,DB11A1,Hops
851,Lewis Mitchell,B8EAC2,969B8F,Time
852,Marian Boyle,4A265D,1DC7F0,Cost
853,Terri Batz,07EC01,35B6C4,Cost
854,Adrienne Steuber,127B09,853715,Hops
855,Julian Thiel,5D6070,CB90FB,Cost
856,Jonathan Muller,12CC56,CB90FB,Cost
857,Larry Jast,5D6070,07EC01,Time
858,Louis Hansen,BCE8FE,BAD29E,Hops
859,Forrest Bechtelar,12CC56,C16488,Hops
860,Shane Beahan,D596B0,127B09,Hops
861,Lana Larkin,5D6070,969B8F,Time
862,Peggy Huel,5D6070,C16488,Hops
863,Jasmine Gleason,A318F7,3ACF3F,Hops
864,Christy Stracke,853715,D301B0,Time
865,Lamar Rempel,D91B6D,14A649,Time
866,May Huels,D301B0,969B8F,Cost
867,Salvador Marks,3BFAB3,127B09,Cost
868,Patty Bernier,A4DC58,C772C7,Time
869,Vickie Kuhn,83C0D2,127B09,Cost
870,Marion Dickinson,CE69C2,BCE8FE,Hops
871,Katherine Romaguera,5BC116,A318F7,Hops
872,Tom Wolf,83C0D2,A4DC58,Cost
873,Anita Wiza,A318F7,127B09,Time
874,Neil Conn,83C0D2,CE69C2,Time
875,Valerie Ruecker,5410B8,12CC56,Cost
876,Erika Spinka,2117B3,C8DBE6,Cost
877,Ricardo Ledner,BAD29E,1B4A36,Hops
878,Ernesto Rogahn,853715,A318F7,Time
879,Penny Grady,A4DC58,4A265D,Cost
880,Brittany Swift,21F257,CB90FB,Cost
881,Melinda Hermann,D596B0,2117B3,Hops
882,Everett Franecki,C8DBE6,3ACF3F,Cost
883,Timmy Borer,35B6C4,5BC116,Cost
884,Katrina Runte,127B09,D301B0,Cost
885,Frank Williamson,B8EAC2,969B8F,Cost
886,Benjamin Champlin,BCE8FE,3ACF3F,Cost
887,Alyssa Ullrich,310420,83C0D2,Time
888,Bessie Denesik,83C0D2,A318F7,Time
889,Sonya Hackett,D596B0,1DC7F0,Time
890,Ricky Durgan,07EC01,A318F7,Cost
891,Lois Conn,B8EAC2,2117B3,Cost
892,Bill Roob,5410B8,5BC116,Time
893,Heather Treutel,5410B8,CE69C2,Cost
894,Cody Kessler,12CC56,127B09,Cost
895,Isaac Haag,14A649,35B6C4,Time
896,Becky Bauch,A4DC58,969B8F,Hops
897,Pearl Lowe,07EC01,BAD29E,Time
898,Cristina Heathcote,CF3C84,5410B8,Cost
899,Jessie Simonis,853715,A318F7,Time
900,Tiffany Walker,795BAC,5309FB,Hops
901,Rick Beatty,CB90FB,2117B3,Cost
902,Edward Swift,ACF3D2,B8EAC2,Hops
903,Irvin Feest,795BAC,C772C7,Time
904,Ignacio Rau,3BFAB3,5BC116,Cost
905,Timothy Jacobs,5D6070,21F257,Hops
906,Roberta Bosco,795BAC,795BAC,Cost
907,Courtney Moen,C16488,CF3C84,Time
908,Megan Jenkins,795BAC,1DC7F0,Cost
909,Gilberto Hyatt,12CC56,795BAC,Hops
910,Shelly Schamberger,5BC116,CE69C2,Hops
911,Jesus Robel,DB11A1,5410B8,Hops
912,Preston Flatley,83C0D2,A318F7,Cost
913,Mathew Cummings,5BC116,CE69C2,Time
914,Laurie Cummerata,D596B0,4A265D,Hops
915,Kendra Cremin,2117B3,C16488,Cost
916,Boyd Toy,5309FB,35B6C4,Time
917,Hubert Hudson,310420,310420,Cost
918,Charlie Ernser,BAD29E,D301B0,Hops
919,Debbie Kilback,5BC116,853715,Cost
920,Danielle Hand,CE69C2,ACF3D2,Time
921,Ismael Volkman,BCE8FE,D596B0,Cost
922,Patrick Schowalter,12CC56,C772C7,Time
923,Jeannie Larson,795BAC,35B6C4,Time
924,Andre Grimes,D596B0,C772C7,Hops
925,Woodrow Halvorson,07EC01,D596B0,Cost
926,Kyle Larkin,CE69C2,5D6070,Time
927,Robyn Luettgen,C8DBE6,CE69C2,Time
928,Diana MacGyver,21F257,D91B6D,Cost
929,Abraham Homenick,9A9688,21F257,Time
930,Rafael Welch,83C0D2,C16488,Time
931,Dexter Farrell,3BFAB3,C772C7,Hops
932,Jasmine Morar,853715,BAD29E,Cost
933,Kristin Auer,CB90FB,853715,Time
934,Molly Gusikowski,5BC116,1DC7F0,Time
935,Morris Schneider,90556B,21F257,Hops
936,Freddie Stiedemann,12CC56,DB11A1,Hops
937,Eva Welch,310420,07EC01,Cost
938,Stacey Kertzmann,853715,DB11A1,Time
939,Darren Erdman,5D6070,795BAC,Time
940,Sheila Gleichner,127B09,795BAC,Cost
941,Nellie Lehner,A318F7,3ACF3F,Hops
942,Dominic Smith,5309FB,C772C7,Cost
943,Rafael Swift,ACF3D2,5410B8,Time
944,Orlando Wyman,A318F7,853715,Cost
945,Constance Bashirian,ACF3D2,BAD29E,Time
946,Suzanne Bergstrom,90556B,12CC56,Hops
947,Wendy Wilkinson,127B09,D596B0,Cost
948,Nelson Hudson,FB93C5,127B09,Cost
949,Pearl Homenick,795BAC,853715,Time
950,Lowell Hoeger,BAD29E,C16488,Cost
951,Hannah Wiza,FB93C5,127B09,Time
952,Henrietta Stehr,D91B6D,21F257,Time
953,Edmond Brown,3ACF3F,5309FB,Time
954,Janice Rogahn,BCE8FE,CB90FB,Time
955,Alice Sawayn,5309FB,14A649,Hops
956,Carl Wilkinson,5D6070,C16488,Time
957,Lewis Sporer,B8EAC2,853715,Cost
958,Tony Runolfsdottir,FB93C5,35B6C4,Cost
959,Orlando Hagenes,C772C7,3ACF3F,Hops
960,May Parker,07EC01,5BC116,Cost
961,Alexis Bode,969B8F,3ACF3F,Hops
962,Norman Brekke,DB11A1,ACF3D2,Cost
963,Keith Waters,853715,BAD29E,Cost
964,Christian Jones,D596B0,5410B8,Cost
965,Angie Olson,A4DC58,C772C7,Cost
966,Lisa Rohan,5BC116,5309FB,Cost
967,Jacob Rempel,5D6070,2117B3,Hops
968,Lowell Williamson,3ACF3F,FB93C5,Hops
969,Harvey Romaguera,310420,4A265D,Hops
970,Jessie Wilkinson,35B6C4,795BAC,Time
971,Becky Cruickshank,35B6C4,ACF3D2,Time
972,Shirley Ernser,853715,FB93C5,Time
973,Warren Terry,4A265D,795BAC,Time
974,Marsha Renner,BAD29E,5410B8,Cost
975,Eric Yundt,CF3C84,83C0D2,Cost
976,Frankie Boyle,4A265D,D301B0,Hops
977,Orville Abshire,A318F7,D301B0,Cost
978,Stuart Predovic,CB90FB,127B09,Hops
979,Stephanie Predovic,83C0D2,B8EAC2,Time
980,Christopher Wilkinson,ACF3D2,A4DC58,Hops
981,Silvia Kemmer,853715,5D6070,Cost
982,Charlotte Hilll,C8DBE6,90556B,Cost
983,Kristy Windler,853715,A318F7,Time
984,Neal Feil,969B8F,07EC01,Time
985,Irvin Tillman,127B09,5D6070,Time
986,Dana Gottlieb,CE69C2,C8DBE6,Hops
987,Dora Rice,83C0D2,1B4A36,Time
988,Leigh Zemlak,C16488,5309FB,Hops
989,Rogelio Tremblay,D596B0,4A265D,Hops
990,Alexis Hegmann,14A649,ACF3D2,Hops
991,Yvonne Beahan,5D6070,07EC01,Hops
992,Tammy Dibbert,C16488,127B09,Cost
993,Perry Ernser,14A649,14A649,Cost
994,Roderick O'Reilly,D596B0,5309FB,Time
995,Janis Breitenberg,CF3C84,CF3C84,Hops
996,Shaun Bernhard,83C0D2,CB90FB,Time
997,Drew Corwin,CB90FB,07EC01,Hops
998,Darryl Kemmer,3BFAB3,1DC7F0,Hops
999,Freda Mann,3ACF3F,83C0D2,Hops
1000,Dianna Cremin,BCE8FE,07EC01,Cost
